2025-10-23T15:34:14+00:00,1213124224,The Celebrating Racing Driver.,subscription,$2.80,videos,23.01.1 (903).mov,MP Studio,HD1080
2025-10-23T15:33:26+00:00,851377167,The janitor in hospital hallway,custom,$0.30,photos,june15 24    (608).jpg,MP Studio,XXL
2025-10-23T15:22:26+00:00,679355207,"Moment of celebration, with a group of women in a business setting giving each other a high five, all smiling and exuding happiness and a sense of achievement.",custom,$0.95,photos,mikeaistock_Hyper-realistic_high-quality_photo_of_a_Female_busi_941da32b-cbd4-4471-9532-b3301702ebeb-gigapixel-standard-scale-4_00x.jpg,MP Studio,XXL
2025-10-23T15:21:59+00:00,413584883,Calculator on financial statement and balance sheeet on desk of auditor. Concept of accounting and audit business.,subscription,$0.38,photos,426A3873.jpg,MP Studio,XXL
2025-10-23T15:21:13+00:00,843786424,The businesswoman with tablet,subscription,$0.66,photos,june08 24   (316).jpg,MP Studio,XXL
2025-10-23T15:20:43+00:00,640190509,Portrait of a doctor in the background of his office,subscription,$0.66,photos,mikeaistock_Subject_Hyper-realistic_High-Quality_Photo_of_a_Smi_d6bed388-acd9-4d8f-9a87-00ece490a286-gigapixel-standard-scale-4_00x.jpg,MP Studio,XXL
2025-10-23T15:08:34+00:00,626011795,Birthday party background.,custom,$0.39,photos,mikeaistock_Birthday_party_background_with_cupcake_party_hat_an_8343f8f4-e0b1-46af-9453-6df0495fba44-gigapixel-standard-scale-4_00x.jpg,MP Studio,XXL
2025-10-23T14:57:23+00:00,637038353,Happy smiling woman holding gift box over grey background,custom,$0.95,photos,mikeaistock_Subject_Hyper-realistic_High-Quality_Photo_of_Portr_5c4f870a-d7de-4037-96bd-f35476f8b83f-gigapixel-standard-scale-4_00x.jpg,MP Studio,XXL
2025-10-23T14:56:56+00:00,637983654,Happy smiling woman holding gift box over pastel background,custom,$0.95,photos,mikeaistock_Subject_Hyper-realistic_High-Quality_Photo_of_Portr_7c6c929c-abd9-4f5f-8ab0-20cdddb903b4-gigapixel-standard-scale-4_00x.jpg,MP Studio,XXL
2025-10-23T14:56:49+00:00,1609346390,The professional woman engaged in a cheerful phone conversation at her office desk.,custom,$0.95,photos,july 26 5977.jpeg,MP Studio,XXL
2025-10-23T14:55:43+00:00,723741987,"Medical team engaged in a discussion around a round table, viewed from a high angle.",custom,$0.30,photos,helenadai_Realistic_stock-style_high-quality_photo_from_an_over_0504b687-d443-471f-8e8b-f04b87dea740-topaz-standard v2-4x.jpg,MP Studio,XXL
2025-10-23T14:54:31+00:00,652013737,Woman with shoulder and neck pain sits on the couch at home,custom,$0.95,photos,mikeaistock_Subject_Hyper-Realistic_High-Quality_Portrait_of_a__e75626fe-23e8-4574-85c0-ba0f61d308b3-gigapixel-standard-scale-4_00x.jpg,MP Studio,XXL
2025-10-23T14:46:32+00:00,1585807728,The eerie silhouette of a haunted house against a darkened sky.,custom,$0.95,photos,16 july 889.jpeg,MP Studio,XXL
2025-10-23T14:44:55+00:00,145762259,Text Copyright typed on retro typewriter,custom,$0.95,photos,copyright.jpg,MP Studio,XL
2025-10-23T14:31:24+00:00,1540781516,The Comparison of Healthy and Damaged Hair Textures in Closeup View,custom,$0.95,photos,18 june 6396.jpeg,MP Studio,XXL
2025-10-23T14:28:35+00:00,830745961,The Healthcare Team in Scrubs,custom,$0.35,photos,may28 24  (95).jpg,MP Studio,XXL
2025-10-23T14:26:20+00:00,662322411,A slice of gorgonzola or dor blu cheese with a sprig of rosemary on a white background,subscription,$0.38,illustrations,mikeaistock_Subject_Hyper-realistic_High-Quality_Photo_of_Blue__ec58995d-9754-4495-b865-314b40e4377a-gigapixel-standard-scale-4_00x.jpg,MP Studio,XXL
2025-10-23T14:23:57+00:00,751780959,"Smiling child in a hard hat is giving a high-five to his father in construction gear, symbolizing a moment of joy and bonding.",custom,$0.95,photos,mikeaistock_Hyper-realistic_high-quality_photo_of_a_Father_with_6aa7a9b1-5f67-4304-8bf6-32e46c859188-gigapixel-standard-scale-4_00x.jpg,MP Studio,XXL
2025-10-23T14:23:51+00:00,688758007,An elderly woman smiling and laughing with her phone against green background.,custom,$0.39,photos,mikeaistock_Hyper-realistic_high-quality_photo_of_portrait_of_a_5bc3c629-f693-4c38-bcba-7a23142b0be1-gigapixel-standard-scale-4_00x.jpg,MP Studio,XXL
2025-10-23T14:22:49+00:00,639898439,Group of students is taking exams on a subject in the class. Created with Generative AI technology.,custom,$0.95,photos,mikeaistock_Subject_Hyper-realistic_High-Quality_Photo_of_High__a403e0b1-53e8-44b9-8a7a-24814ee203ea.jpg,MP Studio,XXL
2025-10-23T14:17:36+00:00,660588645,Senior musician plays the piano,subscription,$0.89,photos,mikeaistock_Subject_Hyper-realistic_High-Quality_Photo_of_a_Sen_88a0313d-284a-471b-aadf-48dedd143754-gigapixel-standard-scale-4_00x.jpg,MP Studio,XXL
2025-10-23T14:13:18+00:00,641785906,Empty wooden table top with grass field and cows in background.,subscription,$0.38,photos,mikeaistock_Hyper-realistic_high-quality_photo_of_a_Empty_woode_4c65c033-4400-4494-be61-430bc1236b80-gigapixel-standard-scale-4_00x.jpg,MP Studio,XXL
2025-10-23T14:10:57+00:00,626351529,Businessman during a presentation in front of his colleagues at the office. Created with Generative AI technology.,custom,$0.95,photos,mikeaistock_Subject_Hyper-realistic_High-Quality_Photo_of_a_Ser_d8a5acf5-5b18-498d-89fe-e78c8ee0a1ec-gigapixel-standard-scale-4_00x.jpg,MP Studio,XXL
2025-10-23T14:07:04+00:00,1648164396,The Digital Human Figures Representing Networked Collaboration in a Modern Business Meeting Room,subscription,$0.89,photos,august 14 729.jpeg,MP Studio,XXL
2025-10-23T13:57:13+00:00,788128414,Professional Giving an Office Presentation,custom,$0.95,photos,april 18 24 (129).jpg,MP Studio,XXL
2025-10-23T13:56:53+00:00,1507050197,The dynamic flow of binary data in a futuristic digital landscape.,custom,$0.95,photos,27 may 93.jpeg,MP Studio,XXL
2025-10-23T13:56:50+00:00,755865047,Professional woman giving a presentation with various charts and graphs in the background,custom,$0.95,photos,helenadai_Realistic_stock-style_high-quality_photo_of_a_middle-_21c40ea1-bea4-454c-9787-f5a6ca28f193-topaz-standard v2-4x.jpg,MP Studio,XXL
2025-10-23T13:56:24+00:00,719573815,Business presentation taking place with a well-dressed man pointing at a chart on a display board while colleagues or clients listen attentively around a conference table.,custom,$0.95,photos,helenadai_Realistic_stock-style_high-quality_photo_of_a_young_C_90c44c45-cfb8-426f-a8bd-d92edcbfe9ce-topaz-standard v2-4x.jpg,MP Studio,XXL
2025-10-23T13:52:12+00:00,1506958265,The laptop with hands engaged in productive typing during a cozy session.,custom,$0.95,photos,27 may 3475.jpeg,MP Studio,XXL
2025-10-23T13:51:55+00:00,719643785,Vibrant sports bar atmosphere where patrons are energetically celebrating,custom,$0.39,photos,mikeaistock_Realistic_stock-style_high-quality_photo_of_a_vibra_2c5911ee-99c8-457b-87df-9e1887f9df43-gigapixel-standard-scale-4_00x.jpg,MP Studio,XXL
2025-10-23T13:37:54+00:00,134244124,Paper with Fair Labor Standarts Act FLSA on a table,custom,$0.85,photos,FLSA.jpg,MP Studio,L
2025-10-23T13:31:21+00:00,710499663,"Male and a female IT professional in a data center, with the woman holding a tablet and the man observing, likely collaborating on a task.",custom,$0.95,photos,helenadai_Realistic_stock-style_high-quality_photo_of_portrait__4dbde0b6-3284-4f35-9e71-0e5dac79f5eb-gigapixel-standard-scale-4_00x.jpg,MP Studio,XXL
2025-10-23T13:20:15+00:00,1754389018,The Magnifying Glass Revealing a FAKE Stamp on a Business Document,custom,$0.95,photos,14 oct (635).jpeg,MP Studio,XXL
2025-10-23T13:14:08+00:00,1529890514,The unique Halloween pumpkin head in a sharp business suit.,subscription,$0.38,photos,11 june 1691.jpeg,MP Studio,XXL
2025-10-23T13:10:08+00:00,630726395,Young indian woman working on a laptop.,custom,$0.95,photos,kb (152).jpg,MP Studio,XXL
2025-10-23T12:19:20+00:00,701860206,"Young woman sitting cross-legged on a yoga mat, using a laptop during a virtual yoga class or meditation session.",custom,$0.95,photos,helenadai_Realistic_stock-style_high-quality_photo_of_portrait__34ff936b-9717-49b2-a2df-2c8afaa0328c-gigapixel-standard-scale-4_00x.jpg,MP Studio,XXL
2025-10-23T12:18:40+00:00,758216803,"Young woman sitting cross-legged on a yoga mat, using a laptop during a virtual yoga class or meditation session.",custom,$0.95,photos,helenadai_Realistic_stock-style_high-quality_photo_of_portrait__b1ac1ee2-93b3-47d9-b7b5-5f8cdeb94073-gigapixel-standard-scale-4_00x.jpg,MP Studio,XXL
2025-10-23T12:17:58+00:00,754573886,"Young woman sitting cross-legged on a yoga mat, using a laptop during a virtual yoga class or meditation session.",custom,$0.95,photos,helenadai_Realistic_stock-style_high-quality_photo_of_portrait__dba8f1bc-cbc0-4a28-8fc2-f828730fe568-gigapixel-standard-scale-4_00x.jpg,MP Studio,XXL
2025-10-23T12:17:26+00:00,705188612,"Young woman sitting cross-legged on a yoga mat, using a laptop during a virtual yoga class or meditation session.",custom,$0.95,photos,helenadai_Realistic_stock-style_high-quality_photo_of_portrait__b6ce560f-252a-4a0d-aa02-b79c89cbde0b-gigapixel-standard-scale-4_00x.jpg,MP Studio,XXL
2025-10-23T11:43:08+00:00,691010070,"Smiling woman in a cleaning service uniform with colleagues in the background, indicating a professional cleaning team at work.",subscription,$0.38,photos,mikeaistock_Hyper-realistic_high-quality_photo_of_portrait_of_a_b5bbd01f-f2eb-49d8-aba1-a364cd7475a2-gigapixel-standard-scale-4_00x.jpg,MP Studio,XXL
2025-10-23T11:36:28+00:00,639642919,Dark halloween house with moon,custom,$0.33,photos,mikeai_Hyper-realistic_high-quality_photo_of_a_Haunted_house_on_76a39f91-e4a3-4e3d-81ec-39511028ac87 (2)-gigapixel-standard-scale-4_00x.jpg,MP Studio,XXL
2025-10-23T11:33:17+00:00,1521627189,The elegant pouring of red wine into a glass amidst gourmet appetizers.,subscription,$0.66,photos,05 june 5089.jpeg,MP Studio,XXL
2025-10-23T11:33:07+00:00,655450670,Happy man enjoys a seaside vacation splashing water on the beach,subscription,$0.38,photos,mikeaistock_Subject_Hyper-realistic_Portrait_of_a_Joyful_Man_Pl_3688f5a5-7571-4dc0-bdc9-edc9f7afd5c8-gigapixel-standard-scale-4_00x.jpg,MP Studio,XXL
2025-10-23T11:27:48+00:00,628923432,"Spooky halloween background with empty wooden planks, dark horror background.",custom,$0.33,photos,mikeai_Hyper-realistic_high-quality_photo_of_a_halloween_backgr_44478c68-8b91-41b4-af93-97922d181061 (2)-gigapixel-standard-scale-4_00x.jpg,MP Studio,XXL
2025-10-23T11:23:47+00:00,857935568,A man in beanie hat,custom,$0.95,photos,june21 24 (47).jpg,MP Studio,XXL
2025-10-23T11:16:20+00:00,714302778,"Top view of a group of people sitting around a rustic wooden dining table, toasting with their glasses raised amidst a spread of various dishes",custom,$0.95,photos,mikeaistock_Realistic_stock-style_high-quality_photo_of_a_top-d_bfdbc74e-7b91-4b96-b057-e6f53878927b-gigapixel-standard-scale-4_00x.jpg,MP Studio,XXL
2025-10-23T11:01:28+00:00,626351596,Business coach conducts a seminar for an audience.,subscription,$0.99,photos,mikeaistock_Subject_Hyper-realistic_High-Quality_Photo_of_a_Spe_f364b4b8-9349-48f3-b216-efc17b173246-gigapixel-standard-scale-4_00x.jpg,MP Studio,XXL
2025-10-23T10:58:04+00:00,857936250,Women with Shopping Bags,subscription,$0.38,photos,june21 24 (69).jpg,MP Studio,XXL
2025-10-23T10:42:25+00:00,626981690,Young man working on a laptop on a yellow background.,subscription,$0.38,photos,mikeaistock_Subject_Hyper-realistic_High-Quality_Photo_of_a_Smi_a164b76c-3f09-45fe-bf15-bf453ffaa6fa-gigapixel-standard-scale-4_00x.jpg,MP Studio,XXL
2025-10-23T10:39:13+00:00,690755452,"Smiling man in a cleaning service uniform with colleagues in the background, indicating a professional cleaning team at work.",subscription,$3.30,photos,mikeaistock_Hyper-realistic_high-quality_photo_of_portrait_of_a_5beff81b-9074-4265-a0f7-a4c72f8506f0-gigapixel-standard-scale-4_00x.jpg,MP Studio,XXL
2025-10-23T10:32:52+00:00,626625937,Brightly dressed stylish elderly man on dark background.,subscription,$3.30,photos,kb (250).jpg,MP Studio,XXL
2025-10-23T10:32:51+00:00,690755452,"Smiling man in a cleaning service uniform with colleagues in the background, indicating a professional cleaning team at work.",subscription,$0.38,photos,mikeaistock_Hyper-realistic_high-quality_photo_of_portrait_of_a_5beff81b-9074-4265-a0f7-a4c72f8506f0-gigapixel-standard-scale-4_00x.jpg,MP Studio,XXL
2025-10-23T10:32:43+00:00,1755171073,The Welder in Protective Helmet Cutting Steel with Sparks Flying in Industrial Workshop,subscription,$0.38,photos,14 oct (4902).jpeg,MP Studio,XXL
2025-10-23T10:32:07+00:00,1551275061,The elegant lips and perfectly manicured nails in soft pink tones.,custom,$0.95,illustrations,25 june 2653.jpeg,MP Studio,XXL
2025-10-23T10:31:59+00:00,1609149144,The delicious pizzas and refreshing beers on a rustic wooden table.,custom,$0.95,photos,july 26 2470.jpeg,MP Studio,XXL
2025-10-23T10:23:35+00:00,1031930710,The Festive Pinecones and Bokeh,custom,$0.95,photos,500.jpeg,MP Studio,XXL
2025-10-23T10:21:21+00:00,846790480,The veterinarian with lamb,subscription,$1.65,photos,4264.jpg,MP Studio,XXL
2025-10-23T10:20:30+00:00,1609085194,The lush evergreen branch showcasing vibrant green needles and pinecones.,subscription,$0.99,photos,july 26 1442.jpeg,MP Studio,XXL
2025-10-23T09:54:49+00:00,1571302487,The skilled worker welding metal with bright sparks in industrial setting.,custom,$0.95,photos,08july 1017.jpeg,MP Studio,XXL
2025-10-23T09:54:35+00:00,162834028,Text Proofreading typed on retro typewriter,custom,$0.95,photos,Proofreading.jpg,MP Studio,XL
2025-10-23T09:50:46+00:00,861319439,The woman with binoculars,subscription,$0.99,photos,1_anVuZTI0IDI0ICAgICg1NDcp.jpg,MP Studio,XXL
2025-10-23T09:44:03+00:00,650865810,Happy smiling kids sitting in a movie theater and watching a movie.,subscription,$0.66,photos,mikeaistock_Subject_Hyper-realistic_High-Quality_Portrait_of_Ha_bbd48bef-1fae-4d06-b499-28673ab03014-gigapixel-standard-scale-4_00x.jpg,MP Studio,XXL
2025-10-23T09:27:29+00:00,653888927,Group of people having fun at a beach party,subscription,$1.65,photos,mikeaistock_Subject_Hyper-Realistic_High-Quality_Bokeh_Photo_of_5cef646e-68de-480b-bebf-f27471010f00-gigapixel-standard-scale-4_00x.jpg,MP Studio,XXL
2025-10-23T09:26:44+00:00,1609240722,The focused hands typing on a laptop in a modern workspace.,subscription,$0.38,photos,july 26 4028.jpeg,MP Studio,XXL
2025-10-23T09:20:53+00:00,739491563,"professional setting where a person is sitting on an office chair, gripping their lower back in an indication of back pain, with a desk and computer in the background.",subscription,$0.38,photos,mikeaistock_Realistic_high-quality_stock_photo_depicting_a_prof_ccb95228-96a2-4efe-94ec-9d44655f446a-topaz-standard v2-4x.jpg,MP Studio,XXL
2025-10-23T09:05:18+00:00,722805406,"Male and a female IT professional in a data center, with the woman holding a tablet and the man observing, likely collaborating on a task.",subscription,$0.38,photos,helenadai_Realistic_stock-style_high-quality_photo_of_portrait__fefe9564-32d6-421b-961c-ad51bd23bd3b-gigapixel-standard-scale-4_00x.jpg,MP Studio,XXL
2025-10-23T09:05:11+00:00,1571711467,The woman presenting to an applauding audience in an inspiring workshop setting.,subscription,$0.38,photos,08july 604.jpeg,MP Studio,XXL
2025-10-23T08:57:38+00:00,1561276584,The ethereal staircase leading to bright skies and heavenly clouds.,subscription,$0.99,photos,02 july 1786.jpeg,MP Studio,XXL
2025-10-23T08:53:11+00:00,626351529,Businessman during a presentation in front of his colleagues at the office. Created with Generative AI technology.,custom,$0.95,photos,mikeaistock_Subject_Hyper-realistic_High-Quality_Photo_of_a_Ser_d8a5acf5-5b18-498d-89fe-e78c8ee0a1ec-gigapixel-standard-scale-4_00x.jpg,MP Studio,XXL
2025-10-23T08:34:02+00:00,1561378136,The vibrant pizza topped with fresh ingredients and herb bunches.,custom,$0.95,photos,02 july 3033.jpeg,MP Studio,XXL
2025-10-23T08:33:37+00:00,632944505,Car insurance. Male hands holdind blue car as protection concept. Created with Generative AI technology.,custom,$0.95,photos,mikeaistock_Title_Hyper-realistic_High-Quality_Close-Up_Photo_o_b55c300c-fd14-40bb-abcd-e4d36f55d07d-gigapixel-standard-scale-4_00x.jpg,MP Studio,XXL
2025-10-23T08:33:12+00:00,1500997952,The speaker breaking through the wall for an impactful sound experience.,subscription,$0.38,photos,23 may 1954.jpeg,MP Studio,XXL
2025-10-23T08:33:10+00:00,626981820,Young girl wearing headphones enjoying music outside.,custom,$0.95,photos,mikeaistock_Subject_Hyper-realistic_High-Quality_Photo_of_a_You_4bbd32ab-304e-43e3-92c5-7baa15c1dae1-gigapixel-standard-scale-4_00x.jpg,MP Studio,XXL
2025-10-23T08:06:14+00:00,846781559,The vibrant nightclub celebration,subscription,$0.34,photos,3332.jpg,MP Studio,XXL
2025-10-23T08:05:13+00:00,854581295,The DJ at Night Club,subscription,$0.34,photos,june18 24 (667).jpg,MP Studio,XXL
2025-10-23T08:03:44+00:00,963469732,The DJ at Thrilling Event,subscription,$0.34,photos,elenaserg89_Stock_style_hyper_realistic_high_quality_photo_of_9bebef3c-a4f5-4f44-8343-4b864a93b103_1.jpg,MP Studio,XXL
2025-10-23T08:03:26+00:00,1631983792,The dynamic DJ performing at an electrifying nightlife event with energetic crowd.,subscription,$0.34,photos,august 06-2  291.jpeg,MP Studio,XXL
2025-10-23T08:02:18+00:00,1664477175,The gloved hand swabbing test tubes with cotton swab in clinical laboratory,custom,$0.95,photos,august 24 2860.jpeg,MP Studio,XXL
2025-10-23T07:42:32+00:00,1507054441,The healthcare professional providing nutritional guidance to a patient.,custom,$0.95,photos,27 may 983.jpeg,MP Studio,XXL
2025-10-23T07:41:49+00:00,645421561,Portrait of a firefighter in equipment. Firemen using water from hose for fire fighting.,custom,$0.95,photos,mikeaistock_Subject_Hyper-realistic_High-Quality_Photo_of_a_Fir_3ac892b6-5993-4fab-8387-04dd1fa2a95f-gigapixel-standard-scale-4_00x.jpg,MP Studio,XXL
2025-10-23T07:39:59+00:00,755892237,Woman smiling while working on a laptop in a bright and modern office environment,subscription,$0.41,photos,mikeaistock_Realistic_stock-style_high-quality_photo_of_a_Cauca_fc90e74c-ef24-4cdb-9ce0-312221c6e5d2-gigapixel-standard-scale-4_00x.jpg,MP Studio,XXL
2025-10-23T07:32:23+00:00,1609218198,The festive arrangement of beautifully wrapped presents and decorations for Christmas.,custom,$0.95,photos,july 26 3669.jpeg,MP Studio,XXL
2025-10-23T07:29:57+00:00,1571445884,The handshake symbolizes trust and collaboration in a professional environment.,custom,$0.39,photos,08july 2143.jpeg,MP Studio,XXL
2025-10-23T07:13:58+00:00,121860273,"Notebook with Toolls and Notes about Blog,concept",custom,$0.39,photos,blog.jpg,MP Studio,XL
2025-10-23T06:35:01+00:00,627430217,"Spooky halloween background with empty wooden planks, dark horror background.",custom,$0.95,photos,mikeai_Hyper-realistic_high-quality_photo_of_a_Halloween_backgr_0eaf49c6-4ecb-4a5a-aa1b-5d4c0173e4b5 (2)-gigapixel-standard-scale-4_00x.jpg,MP Studio,XXL
2025-10-23T06:34:54+00:00,1499153506,The collaborative workspace featuring laptops and data analysis tools in use.,custom,$0.95,photos,22 may 98.jpeg,MP Studio,XXL
2025-10-23T06:32:32+00:00,1540555222,The impressive transportation truck speeding along a highway under dramatic skies.,subscription,$0.38,photos,18 june 2769.jpeg,MP Studio,XXL
2025-10-23T06:05:41+00:00,661579326,Beautiful attractive smiling woman holding shopping bags posing on blue background,subscription,$0.89,photos,mikeaistock_Subject_Hyper-realistic_High-Quality_Portrait_of_a__c51b47b5-197b-4fb0-8ad4-c61f83099460-gigapixel-standard-scale-4_00x.jpg,MP Studio,XXL
2025-10-23T06:02:03+00:00,171621344,The text Rebranding appearing behind torn brown paper,custom,$0.33,photos,Rebranding.jpg,MP Studio,L
2025-10-23T05:55:28+00:00,133908479,"Hand writing inscription What To Expect with marker, concept",subscription,$0.59,photos,what to expect2.jpg,MP Studio,XXL
2025-10-23T05:33:47+00:00,626626201,Young woman stands on the street with bags while shopping. Created with Generative AI technology.,subscription,$0.34,photos,kb (16).jpg,MP Studio,XXL
2025-10-23T05:33:18+00:00,626626201,Young woman stands on the street with bags while shopping. Created with Generative AI technology.,subscription,$0.34,photos,kb (16).jpg,MP Studio,XXL
2025-10-23T05:31:42+00:00,630726395,Young indian woman working on a laptop.,custom,$0.33,photos,kb (152).jpg,MP Studio,XXL
2025-10-23T05:30:57+00:00,1631561948,The audio mixer showcasing professional recording studio equipment and atmosphere.,custom,$0.33,photos,august 06 3605.jpeg,MP Studio,XXL
2025-10-23T04:40:24+00:00,1698095873,The Pumpkin Jack-o'-Lantern Wearing a Worn Cowboy Hat on a Wooden Table,subscription,$0.34,photos,september 12 1765.jpeg,MP Studio,XXL
2025-10-23T04:35:01+00:00,723741987,"Medical team engaged in a discussion around a round table, viewed from a high angle.",custom,$0.33,photos,helenadai_Realistic_stock-style_high-quality_photo_from_an_over_0504b687-d443-471f-8e8b-f04b87dea740-topaz-standard v2-4x.jpg,MP Studio,XXL
2025-10-23T04:25:52+00:00,709866863,Caring female nurse in blue scrubs smiling and holding hands with an elderly male patient,custom,$0.85,photos,mikeaistock_Realistic_stock-style_high-quality_photo_of_a_middl_2b770d0a-8ee0-4194-a9ce-948a9e1c3c54-gigapixel-standard-scale-4_00x.jpg,MP Studio,XXL
2025-10-23T04:20:38+00:00,413584883,Calculator on financial statement and balance sheeet on desk of auditor. Concept of accounting and audit business.,subscription,$0.38,photos,426A3873.jpg,MP Studio,XXL
2025-10-23T03:56:58+00:00,1498999132,The laboratory technician conducting experiments using a pipette and glassware.,subscription,$0.99,photos,22 may 2324.jpeg,MP Studio,XXL
2025-10-23T03:43:21+00:00,639653002,Middle age librarian or college teacher standing in library in front of book shelfes,custom,$2.97,photos,mikeaistock_Subject_Hyper-realistic_High-Quality_Portrait_of_a__b10b7dd5-4ab8-47d7-8f9d-dafd60e07333-gigapixel-standard-scale-4_00x.jpg,MP Studio,XXL
2025-10-23T02:52:36+00:00,1507054441,The healthcare professional providing nutritional guidance to a patient.,custom,$0.95,photos,27 may 983.jpeg,MP Studio,XXL
2025-10-23T02:47:57+00:00,1493841806,The colorful assortment of fresh meats and herbs on a rustic wooden table.,subscription,$0.38,photos,19 may 1846.jpeg,MP Studio,XXL
2025-10-23T00:41:38+00:00,121860311,"Notebook with Toolls and Notes about Project Management,concept",subscription,$0.34,photos,project management.jpg,MP Studio,XL
2025-10-23T00:29:58+00:00,604694013,Womans hand put dollar bancnote into a glass jar with alarm clock,custom,$0.95,photos,DSC00557-1.jpg,MP Studio,XXL
2025-10-23T00:07:42+00:00,1697934059,The cardboard box with green recycling symbol on warehouse floor among pallets,subscription,$0.38,photos,september 11 2067.jpeg,MP Studio,XXL
2025-10-23T00:01:36+00:00,702966863,Close-up of various business analytics and metrics displayed in charts and graphs,subscription,$0.34,photos,mikeaistock_Hyper-realistic_photo_portrait_of_an_assortment_of__079cd164-dada-492d-bb7a-859f93772bcc-gigapixel-standard-scale-4_00x.jpg,MP Studio,XXL